Dia,Fecha,DiaSemana,Redes,Pilar,Formato,Titular,Copy,Hashtags,CTA,IdeaVisual,Estado,FechaPublicacion
1,12/10/2026,Lunes,LinkedIn · Instagram · Facebook,Dolor → Solución,Carrusel,No necesitás 21 módulos para hacer una auditoría,"Abrís el sistema de gestión y te encontrás con veintidós secciones en el menú. Huella de carbono, revisión por la dirección, mantenimiento… todas vacías.

El tamaño no es gratis: cada módulo que no usás es una decisión más que tomar antes de hacer lo que viniste a hacer.

Ahora elegís el alcance al crear la cuenta:
▸ Auditorías — cinco secciones, para ejecutar auditorías internas en cualquier industria.
▸ SGI Completo — todo, del diagnóstico a la revisión por la dirección.

Y no es una decisión definitiva: pasás de una a la otra cuando quieras. Lo que se enciende o se apaga es el acceso a las secciones, nunca la información cargada.",#AuditoríasEnLínea #SGI #ISO9001 #ISO45001 #AuditoríaInterna #Mendoza,¿Con cuánta plataforma querés empezar? → auditoriasenlinea.com.ar,Carrusel: slide 1 menú largo agobiante / slide 2 la pregunta del asistente / slide 3 menú corto de cinco secciones / slide 4 las dos ediciones comparadas.,,
2,13/10/2026,Martes,LinkedIn · Instagram · Facebook,Producto / Función,Reel / Video,"Auditá en sitio, aunque no haya señal 📶","El auditor llega a planta… y no hay internet. 🙃

Con la App de Campo no importa: ejecuta cada control desde el celular, saca foto y ubicación GPS, y cuando vuelve la señal SINCRONIZA solo.

Al terminar, firma digital y los «no conforme» abren una No Conformidad automáticamente.

Cero papel. Cero recargas de datos.",#ISO9001 #ISO14001 #ISO45001 #SistemasDeGestión #Calidad #Auditorías #AppMóvil #Offline,Conocé la plataforma 👉 auditoriasenlinea.com.ar,"Reel: manos usando la app en planta, sin señal, luego 'sincronizado ✅'.",,
3,14/10/2026,Miércoles,LinkedIn · Instagram · Facebook,Educativo / Norma,Imagen + texto,¿Qué es un Sistema de Gestión Integrado?,"SGI = Sistema de Gestión Integrado. En vez de tener tres sistemas separados, integrás en uno solo:

✅ ISO 9001 — Calidad
🌱 ISO 14001 — Ambiente
🦺 ISO 45001 — Seguridad y Salud

¿La ventaja? Comparten procesos, documentos y auditorías. Menos duplicación, más coherencia y una sola foto de tu organización.",#ISO9001 #ISO14001 #ISO45001 #SistemasDeGestión #Calidad #SGI #Certificación,Guardá este post para tu próxima auditoría 🔖,Diagrama: 3 normas → 1 sistema integrado.,,
4,15/10/2026,Jueves,LinkedIn · Instagram · Facebook,Consultor / Partner,Carrusel,"Si auditás para otros, tus clientes van en tu cartera","Durante años los sistemas de gestión asumieron lo mismo: que la empresa audita su propia casa.

Para un consultor con quince clientes eso significa que cada auditoría sale con el nombre y el domicilio de su propio estudio. Y que su auditor llega a la puerta equivocada.

Cargás cada empresa auditada una vez —domicilio, actividad, identificación y referente en sitio— y de ahí en más cada visita sale con los datos del cliente. Con el pin del mapa, para llegar y no dar vueltas.

¿Dejaste de trabajar con uno? Lo desactivás: sale del selector y su historial de auditorías queda intacto.",#AuditoríasEnLínea #AuditorLíder #Consultoría #ISO9001 #AuditoríaInterna #Mendoza,"Si auditás para otros, esto es para vos → auditoriasenlinea.com.ar",Carrusel: slide 1 auditor perdido frente a una puerta cerrada / slide 2 ficha de la empresa auditada / slide 3 la asignación completándose sola / slide 4 el pin en el mapa del celular.,,
5,16/10/2026,Viernes,LinkedIn · Instagram · Facebook,Producto / Función,Carrusel,"Inteligencia sobre TUS datos, no respuestas genéricas ✦","El Auditor de IA no es un chatbot cualquiera: razona sobre la información REAL de tu sistema.

🤖 Te ayuda con la causa raíz de una no conformidad.
📉 Prioriza la mitigación de riesgos.
📊 Redacta resúmenes ejecutivos para la dirección.

Vos decidís; la IA acelera el análisis.

¿Querés verlo con tus datos?",#ISO9001 #ISO14001 #ISO45001 #SistemasDeGestión #Calidad #InteligenciaArtificial #IA #Riesgos,Pedí tu demo gratis 👉 auditoriasenlinea.com.ar,"Carrusel: 3 pantallas del Auditor de IA (causa raíz, riesgos, resumen).",,
6,17/10/2026,Sábado,LinkedIn · Instagram,Comunidad / Cultura,Cita,Cita para arrancar el finde,"""La calidad no es un acto, es un hábito."" — Aristóteles (y todo responsable de SGI que se precie 😉).

Un sistema de gestión no se sostiene con un esfuerzo heroico antes de la auditoría, sino con pequeñas rutinas diarias.

¿Cuál es tu hábito de calidad innegociable?",#ISO9001 #ISO14001 #ISO45001 #SistemasDeGestión #Calidad #MejoraContinua #Calidad,Contanos en los comentarios 👇,Placa tipográfica con la cita sobre fondo azul de marca.,,
7,18/10/2026,Domingo,LinkedIn · Instagram,Comunidad / Cultura,Reflexión,La certificación no es la meta,"Certificar no es cruzar la línea de llegada. Es el punto de partida. 🏁

Lo difícil no es obtener el sello: es MANTENER el sistema vivo, auditado y mejorando cada día.

Por eso pensamos la plataforma para el día a día, no solo para la semana de la auditoría.

Empezá la semana con el sistema de tu lado.",#ISO9001 #ISO14001 #ISO45001 #SistemasDeGestión #Calidad #Certificación #SGI,Conocé la plataforma 👉 auditoriasenlinea.com.ar,Foto aspiracional: equipo mirando un tablero/indicadores.,,
8,19/10/2026,Lunes,LinkedIn · Instagram · Facebook,Educativo / Norma,Imagen + texto,Las 3 preguntas del análisis de causa raíz,"Una no conformidad sin causa raíz vuelve a aparecer. Siempre. 🔁

Antes de cerrar una NC, respondé:
1️⃣ ¿Qué pasó realmente? (el hecho, no la opinión)
2️⃣ ¿Por qué pasó? (5 Porqués / Ishikawa)
3️⃣ ¿Cómo evito que se repita? (acción sobre la causa, no sobre el síntoma)

Si corregís el síntoma, ganás tiempo. Si eliminás la causa, ganás el problema.",#ISO9001 #ISO14001 #ISO45001 #SistemasDeGestión #Calidad #NoConformidades #CAPA #CausaRaíz,Guardá este post para tu próxima auditoría 🔖,Diagrama de Ishikawa (espina de pescado) simple.,,
9,20/10/2026,Martes,LinkedIn · Instagram · Facebook,Producto / Función,Carrusel,"De hallazgo a acción, sin que se pierda nada","El ciclo completo de una No Conformidad, en un solo lugar:

📝 Registrás la desviación
🔍 Analizás la causa raíz (5 Porqués / Ishikawa)
🎯 Definís la acción correctiva con responsable y fecha
✅ Verificás la eficacia y cerrás

Nada de acciones en un mail que nadie sigue. Todo trazable, con recordatorios.",#ISO9001 #ISO14001 #ISO45001 #SistemasDeGestión #Calidad #NoConformidades #CAPA #ISO9001,Conocé la plataforma 👉 auditoriasenlinea.com.ar,Carrusel: las 4 etapas del ciclo CAPA con íconos.,,
10,21/10/2026,Miércoles,LinkedIn · Instagram · Facebook,Dolor → Solución,Imagen,El día que la auditoría cae y la evidencia no aparece,"Escena conocida: el auditor pide el registro de la capacitación de marzo. Empieza la búsqueda en mails, drives y un cajón. ⏳

Multiplicá eso por cada punto de la norma. Estrés puro.

Con todo centralizado y versionado, ese momento cambia: buscás, filtrás, mostrás. Fin.

¿Cuánto tiempo te llevaría hoy encontrar tu último informe de auditoría interna?",#ISO9001 #ISO14001 #ISO45001 #SistemasDeGestión #Calidad #Auditorías #GestiónDocumental,Contanos en los comentarios 👇,Imagen: escritorio caótico vs pantalla ordenada de la plataforma.,,
11,22/10/2026,Jueves,LinkedIn · Instagram · Facebook,Consultor / Partner,Imagen + texto,Tu checklist de Excel ya es una plantilla,"Una bodega, una obra y una clínica no se auditan con la misma hoja. Por eso no te obligamos a usar un checklist ISO.

Importás el tuyo desde Excel o CSV y lo ves en pantalla antes de guardar nada. El importador reconoce el separador solo —sí, también el punto y coma del Excel en español—, acepta sinónimos de columna con o sin tildes, y si dos filas vienen mal armadas importa las otras noventa y ocho y te dice cuáles fallaron, por número de fila.

Porque rechazar cien filas por dos malas te obliga a adivinar cuáles son.",#AuditoríasEnLínea #AuditorLíder #Consultoría #ISO9001 #AuditoríaInterna #Mendoza,Traé tu checklist → auditoriasenlinea.com.ar,"Planilla de Excel a la izquierda, vista previa de la plantilla importada a la derecha, flecha en el medio.",,
12,23/10/2026,Viernes,LinkedIn · Instagram · Facebook,Producto / Función,Carrusel,"Del objetivo al indicador, sin planillas sueltas","Un objetivo que no se mide es un deseo. 🎯

En el módulo de KPIs cargás la fórmula, la meta y las mediciones, y la plataforma te muestra la tendencia y el cumplimiento.

¿Un KPI en rojo? Es un insumo directo para la Revisión por la Dirección. Sin exportar, sin armar el gráfico a mano.",#ISO9001 #ISO14001 #ISO45001 #SistemasDeGestión #Calidad #KPIs #Indicadores #MejoraContinua,Pedí tu demo gratis 👉 auditoriasenlinea.com.ar,Carrusel: tablero de KPIs con semáforos y tendencia.,,
13,24/10/2026,Sábado,LinkedIn · Instagram,Comunidad / Cultura,Encuesta,Encuesta: ¿viniste a auditar o a implementar?,"Es la única pregunta que hacemos al crear una cuenta, y define cuánta plataforma ves.

Nos da curiosidad cómo se reparte acá. ¿Qué estás haciendo hoy?

▸ Ejecuto auditorías internas
▸ Estoy implementando un SGI
▸ Las dos cosas
▸ Todavía lo llevo en Excel",#AuditoríasEnLínea #SGI #ISO9001 #AuditoríaInterna #Encuesta,Contestá en la encuesta 👇,Fondo violeta con las cuatro opciones como botones grandes.,,
14,25/10/2026,Domingo,LinkedIn · Instagram,Comunidad / Cultura,Behind the scenes,Detrás de la plataforma,"Cada módulo de Auditorías en Línea nació de una pregunta real de alguien que gestiona un SGI: «¿por qué esto tiene que ser tan difícil?» 🙌

Lo construimos con auditores, para auditores. En español, pensado para la realidad de las pymes de la región.

¿Qué te haría la vida más fácil en tu gestión? Lo leemos todo.",#ISO9001 #ISO14001 #ISO45001 #SistemasDeGestión #Calidad #Pymes #SGI,Contanos en los comentarios 👇,Foto/ilustración del equipo o del proceso de diseño.,,
15,26/10/2026,Lunes,LinkedIn · Instagram · Facebook,Educativo / Norma,Imagen + texto,Contexto de la organización (Cláusula 4): por dónde empezar,"Antes de objetivos y procesos, la norma pide algo clave: entender tu CONTEXTO. 🌍

• Cuestiones internas y externas (FODA / PESTEL)
• Partes interesadas y sus expectativas
• Alcance realista del sistema
• Requisitos legales aplicables

Un sistema construido sin contexto es un traje que no le queda a nadie.",#ISO9001 #ISO14001 #ISO45001 #SistemasDeGestión #Calidad #ISO9001 #Cláusula4 #SGI,Guardá este post para tu próxima auditoría 🔖,Placa: FODA + partes interesadas + alcance.,,
16,27/10/2026,Martes,LinkedIn · Instagram · Facebook,Producto / Función,Carrusel,Diagnóstico de brechas: sabé dónde estás parado,"¿Cuán lejos estás de cumplir la norma? No lo adivines: medilo. 📏

El módulo de Diagnóstico (GAP analysis) compara tu organización contra cada cláusula y te da el % de cumplimiento.

Cada «no cumple» se convierte en una acción concreta. Es la línea base de todo tu sistema.

Ideal si estás por arrancar tu certificación.",#ISO9001 #ISO14001 #ISO45001 #SistemasDeGestión #Calidad #GAPanalysis #Certificación #ISO9001,Pedí tu demo gratis 👉 auditoriasenlinea.com.ar,Carrusel: pantalla de diagnóstico con % de avance por norma.,,
17,28/10/2026,Miércoles,LinkedIn · Instagram · Facebook,Dolor → Solución,Imagen,"Tres sistemas, tres auditorías, tres dolores","Gestionar ISO 9001, 14001 y 45001 por separado significa triplicar documentos, reuniones y auditorías. 😵‍💫

Pero comparten MUCHO: contexto, riesgos, procesos, no conformidades.

Un sistema INTEGRADO elimina la duplicación: una acción correctiva puede servir para las tres normas a la vez.

Integrar no es más trabajo. Es menos.",#ISO9001 #ISO14001 #ISO45001 #SistemasDeGestión #Calidad #SGI #ISO14001 #ISO45001,Conocé la plataforma 👉 auditoriasenlinea.com.ar,Imagen: 3 engranajes que se unen en uno.,,
18,29/10/2026,Jueves,LinkedIn · Instagram · Facebook,Producto / Función,Carrusel,El hallazgo se escribe una sola vez,"El auditor lo anota en el celular. Después alguien lo copia a la planilla de desvíos. Y después alguien lo vuelve a copiar al módulo de no conformidades.

Tres veces el mismo texto, con tres oportunidades de que se pierda por el camino.

Ahora el auditor lo califica una vez, en sitio: no conformidad mayor, menor, observación u oportunidad de mejora. Con eso la planilla de Hallazgos / Desvíos del informe se arma sola.

Y solo los incumplimientos abren acción correctiva. Una oportunidad de mejora que dispara una CAPA te infla el tablero con cosas que no son un problema.",#AuditoríasEnLínea #SGI #ISO9001 #ISO45001 #AuditoríaInterna #Mendoza,Mirá cómo queda el informe → auditoriasenlinea.com.ar,Carrusel: slide 1 celular calificando el hallazgo / slide 2 las cuatro categorías con sus colores / slide 3 la planilla llenándose sola / slide 4 el informe PDF.,,
19,30/10/2026,Viernes,LinkedIn · Instagram · Facebook,Producto / Función,Reel / Video,"La Revisión por la Dirección, sin armar el PPT a último momento","La Revisión por la Dirección suele terminar en una corrida armando un PowerPoint la noche anterior. 😅

Con la plataforma, las entradas ya están: KPIs, auditorías, no conformidades, satisfacción, riesgos… todo consolidado.

La dirección revisa datos reales y toma decisiones. Y cada decisión deriva en objetivos o acciones concretas.",#ISO9001 #ISO14001 #ISO45001 #SistemasDeGestión #Calidad #RevisiónPorLaDirección #ISO9001 #KPIs,Conocé la plataforma 👉 auditoriasenlinea.com.ar,Reel: de 'PPT a las 2am' a 'reporte listo en 2 clics'.,,
20,31/10/2026,Sábado,LinkedIn · Instagram,Comunidad / Cultura,Cita,Cita de sábado: los datos,"""Sin datos, sos solo otra persona con una opinión."" — W. Edwards Deming 📊

La mejora continua no se sostiene con corazonadas. Se sostiene midiendo, revisando y ajustando.

¿Qué indicador mirás vos todas las semanas?",#ISO9001 #ISO14001 #ISO45001 #SistemasDeGestión #Calidad #Deming #KPIs #MejoraContinua,Contanos en los comentarios 👇,Placa tipográfica con la cita de Deming.,,
21,01/11/2026,Domingo,LinkedIn · Instagram,Comunidad / Cultura,Reflexión,Domingo de orden,"Arrancar la semana con el sistema ordenado no tiene precio. 🧘

Un SGI vivo no es el que tiene más carpetas, sino el que te deja dormir tranquilo antes de una auditoría.

Menos papel, más control. Ese es el objetivo.

¿Tu semana arranca ordenada o a las corridas?",#ISO9001 #ISO14001 #ISO45001 #SistemasDeGestión #Calidad #SGI #Calidad,Contanos en los comentarios 👇,"Foto aspiracional: escritorio minimalista, mate y laptop.",,
22,02/11/2026,Lunes,LinkedIn · Instagram · Facebook,Educativo / Norma,Imagen + texto,Riesgos y oportunidades (Cláusula 6): no es burocracia,"Pensar en riesgos no es llenar una matriz para el auditor. Es anticiparte a lo que puede salir mal. ⚠️

1. Identificá el riesgo (probabilidad × impacto)
2. Definí controles
3. Volvé a valorar el riesgo RESIDUAL
4. Asociá cada riesgo a un proceso y su evidencia

Un riesgo bien gestionado hoy es una no conformidad que no vas a tener mañana.",#ISO9001 #ISO14001 #ISO45001 #SistemasDeGestión #Calidad #Riesgos #ISO9001 #Cláusula6,Guardá este post para tu próxima auditoría 🔖,Matriz de riesgo 3x3 (verde/amarillo/rojo).,,
23,03/11/2026,Martes,LinkedIn · Instagram · Facebook,Producto / Función,Carrusel,Proveedores bajo control,"Tu producto es tan bueno como tu cadena de suministro. 🔗

En el módulo de Proveedores das de alta, evaluás desempeño de forma periódica y registrás reclamos y su resolución.

Enfocá el control en los críticos y armá planes de mejora para los que no dan la talla. Todo documentado para la auditoría.",#ISO9001 #ISO14001 #ISO45001 #SistemasDeGestión #Calidad #Proveedores #Compras #ISO9001,Conocé la plataforma 👉 auditoriasenlinea.com.ar,Carrusel: ranking de proveedores con evaluación.,,
24,04/11/2026,Miércoles,LinkedIn · Instagram · Facebook,Dolor → Solución,Imagen,Cuando el equipo de campo trabaja en papel,"El auditor sale con una carpeta, una lapicera y la dirección anotada en un papelito. Vuelve a la oficina y empieza el segundo trabajo: pasar todo en limpio.

En el camino se pierden las fotos, se confunde qué respuesta era de qué punto, y nadie se acuerda si la visita fue a las 9 o a las 11.

La asignación le llega al celular con el domicilio, el horario, a quién buscar al llegar y el alcance de la visita. Responde ahí, con foto y ubicación, aunque no haya señal. El dato nace digital y no se transcribe nunca.",#AuditoríasEnLínea #SGI #ISO9001 #ISO45001 #AuditoríaInterna #Mendoza,Probá la app de campo → auditoriasenlinea.com.ar,Split: carpeta con papeles arrugados / celular con la tarjeta de la visita y el botón del mapa.,,
25,05/11/2026,Jueves,LinkedIn · Instagram · Facebook,Consultor / Partner,Imagen + texto,"Un auditor solo, quince clientes","No hace falta ser una consultora grande para trabajar como una.

Tu cartera entera vive en tu cuenta: cargás los clientes, asignás las visitas a tu equipo y cada informe sale con el nombre de la empresa auditada, su domicilio y su referente.

Sin servidores, sin una instalación por cliente y sin licencias por puesto. Lo abrís desde cualquier dispositivo, y en el celular se agrega como una app más.",#AuditoríasEnLínea #AuditorLíder #Consultoría #ISO9001 #AuditoríaInterna #Mendoza,Armá tu cartera → auditoriasenlinea.com.ar,"Una persona sola en su escritorio, y al lado la lista de quince empresas auditadas con su actividad.",,
26,06/11/2026,Viernes,LinkedIn · Instagram · Facebook,Producto / Función,Carrusel,Huella de carbono: medí para poder reducir,"No podés reducir lo que no medís. 🌍

El módulo de Huella de Carbono te deja cargar tus fuentes de emisión por alcance (1 directas, 2 energía, 3 indirectas) y calcula tu CO₂ equivalente.

Empezá por Alcance 1 y 2, guardá las facturas como evidencia y fijá una meta de reducción.

Sostenibilidad con datos, no con marketing.",#ISO9001 #ISO14001 #ISO45001 #SistemasDeGestión #Calidad #HuellaDeCarbono #ISO14001 #Sostenibilidad,Conocé la plataforma 👉 auditoriasenlinea.com.ar,Carrusel: gráfico de emisiones por alcance.,,
27,07/11/2026,Sábado,LinkedIn · Instagram,Comunidad / Cultura,Encuesta,Encuesta: tu mayor dolor en la gestión,"Si pudieras eliminar UN dolor de tu gestión mañana, ¿cuál sería? 👇

😵 Buscar evidencia
📝 Cargar todo dos veces
📉 Armar los indicadores
🧯 Perseguir acciones que nadie cierra

Contanos cuál te tocó de cerca. Probablemente tengamos un módulo para eso 😉",#ISO9001 #ISO14001 #ISO45001 #SistemasDeGestión #Calidad #SGI #Calidad,Contanos en los comentarios 👇,Encuesta nativa con 4 opciones.,,
28,08/11/2026,Domingo,LinkedIn · Instagram,Comunidad / Cultura,Reflexión,La gestión es un trabajo de equipo,"Un SGI no es cosa de una sola persona corriendo detrás de todos. 🤝

Cuando cada área carga su parte —campo, compras, RRHH, dirección— el sistema respira solo.

Por eso la plataforma es colaborativa y multiempresa: cada quien en lo suyo, todo integrado en una foto.

La calidad es responsabilidad de todos.",#ISO9001 #ISO14001 #ISO45001 #SistemasDeGestión #Calidad #Cultura #Calidad #Equipos,Compartilo con tu equipo de calidad 🔁,Foto: equipo diverso trabajando junto.,,
29,09/11/2026,Lunes,LinkedIn · Instagram · Facebook,Educativo / Norma,Imagen + texto,Auditoría interna: 4 claves para que sirva de verdad,"La auditoría interna no es un trámite: es tu ensayo general antes de la externa. 🎯

1. Auditá contra el alcance declarado en tu contexto
2. Un hallazgo objetivo cita la cláusula y la evidencia
3. Derivá las no conformidades a su ciclo CAPA
4. Programá al menos una antes de certificar

Si tu auditoría interna es exigente, la externa es tranquila.",#ISO9001 #ISO14001 #ISO45001 #SistemasDeGestión #Calidad #AuditoríaInterna #ISO9001 #Cláusula9,Guardá este post para tu próxima auditoría 🔖,Placa: 4 claves numeradas.,,
30,10/11/2026,Martes,LinkedIn · Instagram · Facebook,Producto / Función,Carrusel,Elegís con cuánta plataforma empezás,"Un mes mostrando qué hace Auditorías en Línea. Para cerrar, el mapa completo:

▸ **Auditorías** — programa, plan con tu propio correlativo, checklist propio o ISO, app de campo sin señal, cartera de clientes, hallazgos e informe firmado.
▸ **SGI Completo** — todo lo anterior más diagnóstico de brechas, contexto, objetivos y riesgos, procesos, gestión documental con aprobaciones, competencias, equipos calibrados, proveedores, KPIs, huella de carbono y revisión por la dirección.

Veintiún módulos en total. Vas a ver los que elegiste, y ni uno más.",#AuditoríasEnLínea #SGI #ISO9001 #ISO45001 #AuditoríaInterna #Mendoza,Creá tu cuenta gratis → auditoriasenlinea.com.ar,Carrusel: slide 1 las dos ediciones / slides 2-3 los módulos de cada una / slide 4 CTA con el logo.,,
