Id,Fecha,DiaSemana,Titulo,Audiencia,Pilar,DuracionSeg,Gancho,Guion,TextoEnPantalla,VozEnOff,Copy,CTA,Hashtags,Redes,VideoURL,Estado,FechaPublicacion
R01,12/10/2026,Lunes,Sin señal en planta,Ambos,Producto / Función,28,«Acá adentro no hay señal.» Perfecto. Seguí auditando.,"0-3s · Mano levantando el celular en un depósito, barra de señal en cero. Texto grande: SIN SEÑAL.
3-9s · Primer plano del checklist en pantalla: el auditor toca «No conforme». La app responde normal.
9-15s · Saca una foto del extintor sin etiqueta. La foto queda pegada al punto de control.
15-21s · Sale al patio. Aparece el ícono de sincronización y el contador «3 en cola» baja a cero.
21-28s · Plano de la notebook en la oficina: el hallazgo ya está en el informe. Logo + CTA.",SIN SEÑAL · La auditoría sigue · Foto y ubicación quedan en el celular · Volvió el wifi → se sincroniza solo · El informe ya está en la oficina,"En una planta, un sótano o una obra sobre la ruta, no hay internet. Y la auditoría igual hay que hacerla. Respondé, sacá la foto, seguí. Cuando vuelve la señal, se sincroniza solo. No se pierde nada, y no hay que volver a cargar nada a mano.","«Acá adentro no hay señal.»

Es la frase que arruina media jornada de auditoría: el auditor anota en papel, vuelve a la oficina y pasa todo en limpio. Dos veces el mismo trabajo.

La app de campo funciona sin conexión. Respuestas, fotos y ubicación quedan en el dispositivo y se sincronizan solas al reconectar.",Probala gratis en auditoriasenlinea.com.ar,#AuditoríasEnLínea #ISO9001 #ISO45001 #SGI #Mendoza,Instagram · Facebook · TikTok,,,
R02,14/10/2026,Miércoles,No necesitás 21 módulos para auditar,Ambos,Dolor → Solución,25,Abrís el software de gestión y te encontrás con esto.,"0-3s · Scroll vertiginoso por un menú larguísimo de 22 ítems. Cara de agobio.
3-8s · Congela. Texto: ¿VAS A USAR LOS 21?
8-14s · Pantalla del asistente de alta: una sola pregunta, dos botones. El dedo toca «Vine a auditar».
14-20s · El menú se achica a cinco secciones. Plano del menú corto, limpio.
20-25s · Texto: Y si después querés todo, lo prendés. Logo + CTA.",22 módulos · ¿Vas a usar los 21? · Una pregunta: ¿auditar o implementar? · Cinco secciones. Nada más. · Se amplía cuando vos quieras,"Un sistema de gestión completo tiene veintiún módulos. Si viniste a hacer auditorías internas, no necesitás ver los otros dieciséis. Contestás una pregunta al entrar y la plataforma se recorta a lo que vas a usar. Y si mañana querés todo, lo prendés: no se pierde nada.","El problema de los sistemas de gestión no es que les falten funciones. Es que te las muestran todas el primer día.

Ahora elegís el alcance al crear la cuenta: **Auditorías** (cinco secciones, para ejecutar auditorías internas en cualquier industria) o **SGI Completo**.

Pasás de una a la otra cuando quieras. Lo que se apaga es el acceso a las secciones, nunca la información que cargaste.",Probala gratis en auditoriasenlinea.com.ar,#AuditoríasEnLínea #ISO9001 #ISO45001 #SGI #Mendoza,Instagram · Facebook · TikTok,,,
R03,16/10/2026,Viernes,El auditor en el domicilio equivocado,Consultores,Consultor / Partner,30,Mandaste a tu auditor… a la dirección de tu propia oficina.,"0-4s · Auditor parado en la puerta de una oficina cerrada, mirando el celular. Texto: ACÁ NO ERA.
4-10s · Pantalla: ficha de la empresa auditada con domicilio, actividad y referente.
10-17s · El líder asigna la visita y elige al cliente en el selector. Los campos se completan solos.
17-24s · Celular del auditor: tarjeta con domicilio, horario, «preguntar por Laura» y el botón del mapa.
24-30s · Toca el mapa y se abre el pin exacto. Logo + CTA consultor.","ACÁ NO ERA · Tu cartera de clientes, cargada una vez · Elegís el cliente → se completa todo · Domicilio, horario y a quién buscar · El pin exacto, en el celular","Si auditás para otros, tus auditorías no son en tu oficina. Cargás cada empresa una sola vez —domicilio, actividad y referente— y de ahí en más cada visita sale con los datos del cliente. Tu equipo sabe a dónde ir, a qué hora y por quién preguntar.","Durante años los sistemas de gestión asumieron lo mismo: que la empresa audita su propia casa.

Para un consultor con quince clientes, eso significa mandar a su equipo al domicilio de su propio estudio.

Cargás tu cartera una vez y cada visita sale con el domicilio, la actividad y el referente del cliente. Con el pin del mapa, para llegar y no dar vueltas.","Si auditás para otros, esto es para vos → auditoriasenlinea.com.ar",#AuditoríasEnLínea #AuditorLíder #Consultoría #ISO9001 #Mendoza,Instagram · Facebook · TikTok,,,
R04,19/10/2026,Lunes,"Tu checklist de Excel, en 30 segundos",Consultores,Consultor / Partner,24,Tenés tu checklist en Excel hace diez años. No lo tires.,"0-4s · Planilla de Excel con cláusula y pregunta, scrolleando. Texto: ESTE ES TU CHECKLIST.
4-10s · Arrastre del archivo a «Importar CSV». Aparece la vista previa con las filas reconocidas.
10-16s · Zoom al aviso: «2 filas con problema: fila 7, fila 19». Texto: te dice cuáles, no rechaza todo.
16-20s · Se guarda como plantilla. Aparece en el selector de la asignación.
20-24s · Checklist ya cargado en el celular del auditor. Logo + CTA consultor.","Tu checklist de Excel · Arrastrás el archivo · Vista previa antes de guardar · Queda como plantilla, se reutiliza · Y sale al campo","Una bodega, una obra y una clínica no se auditan con la misma hoja. Por eso no te obligamos a usar un checklist ISO. Importás el tuyo desde Excel, lo ves en pantalla antes de guardar nada, y queda como plantilla para reutilizar.","Excel en español guarda con punto y coma. Y con BOM. Y a veces sin encabezado.

El importador reconoce el separador solo, acepta sinónimos de columna con o sin tildes, y si el archivo tiene dos filas mal armadas importa las otras noventa y ocho y te dice cuáles fallaron por número de fila.

Porque rechazar cien filas por dos malas te obliga a adivinar cuáles son.","Si auditás para otros, esto es para vos → auditoriasenlinea.com.ar",#AuditoríasEnLínea #AuditorLíder #Consultoría #ISO9001 #Mendoza,Instagram · Facebook · TikTok,,,
R05,21/10/2026,Miércoles,El hallazgo se escribe una sola vez,Ambos,Producto / Función,29,Lo anotaste en el celular. ¿Ahora lo pasás a la planilla?,"0-4s · Split: celular con la observación escrita / planilla de hallazgos vacía. Texto: ¿OTRA VEZ?
4-11s · Celular: el auditor marca «No conforme» y elige «NC mayor».
11-18s · Otro punto, conforme, y elige «Oportunidad de mejora».
18-25s · Notebook: la planilla de Hallazgos / Desvíos ya tiene las dos filas, clasificadas.
25-29s · Texto: solo las no conformidades abren acción correctiva. Logo + CTA.",¿Otra vez lo mismo? · NC mayor o menor · Observación · Oportunidad de mejora · La planilla se llena sola · Solo las NC abren acción correctiva,"Un informe de auditoría no dice «cumple o no cumple». Distingue la no conformidad mayor de la menor, y las separa de la observación y de la oportunidad de mejora. El auditor lo califica en el celular y la planilla del informe se arma sola. Y una oportunidad de mejora no te abre una acción correctiva, porque no es un incumplimiento.","El auditor escribe el hallazgo en el celular. Después alguien lo copia a la planilla de desvíos. Y después alguien lo vuelve a copiar al módulo de no conformidades.

Tres veces el mismo texto, con tres oportunidades de que se pierda.

Ahora se califica una vez en sitio —NC mayor, NC menor, observación u oportunidad de mejora— y el informe se arma solo. Solo los incumplimientos abren acción correctiva.",Probala gratis en auditoriasenlinea.com.ar,#AuditoríasEnLínea #ISO9001 #ISO45001 #SGI #Mendoza,Instagram · Facebook · TikTok,,,
R06,23/10/2026,Viernes,Firmá y andate,Ambos,Dato / Beneficio,22,La auditoría terminó a las 13. ¿Cuándo sale el informe?,"0-4s · Reloj marcando las 13:00. Texto: AUDITORÍA TERMINADA.
4-9s · El auditor firma con el dedo en la pantalla del celular.
9-15s · Se genera el PDF: resumen, hallazgos clasificados, fotos con fecha y lugar.
15-19s · Comparación: «antes, 3 días» tachado / «ahora, mismo día».
19-22s · Logo + CTA.",Terminó a las 13:00 · Firma en pantalla · PDF con hallazgos y evidencia · Antes: 3 días. Ahora: hoy.,"El auditor firma en la pantalla y la auditoría se cierra. El informe sale ahí mismo, con los hallazgos clasificados y la evidencia fotográfica. No hay que volver a la oficina a pasar notas en limpio.","El trabajo que más cuesta de una auditoría no es auditar. Es lo que viene después: pasar las notas, buscar las fotos, armar el informe.

Firmás en pantalla al cerrar y el PDF sale solo, con los hallazgos y la evidencia. Listo para el legajo el mismo día.",Probala gratis en auditoriasenlinea.com.ar,#AuditoríasEnLínea #ISO9001 #ISO45001 #SGI #Mendoza,Instagram · Facebook · TikTok,,,
R07,26/10/2026,Lunes,¿Y ahora qué hago?,Empresas,Producto / Función,23,Contrataste el sistema. Entrás. ¿Y ahora qué?,"0-4s · Pantalla de inicio genérica de cualquier software, llena de widgets vacíos. Cara de duda.
4-10s · Corte a nuestro Inicio: bloque «Requiere tu atención» con tres renglones concretos.
10-16s · Bloque «Puesta en marcha»: los pasos que faltan, en orden.
16-20s · Toca un renglón y entra directo al módulo donde se resuelve.
20-23s · Logo + CTA.",¿Y ahora qué? · Requiere tu atención · Puesta en marcha: lo que falta · Tocás y vas directo,"La primera pantalla de la mayoría de los sistemas te explica el sistema. La nuestra te dice qué hacer: qué requiere tu atención hoy y qué paso te falta para terminar la puesta en marcha. Y si no hay nada pendiente, no inventa tarjetas vacías.","Casi todos los sistemas de gestión arrancan explicándote el sistema.

El Inicio de Auditorías en Línea mira el estado real de tu organización y arma dos listas: lo que requiere tu atención hoy y lo que falta para la puesta en marcha.

Si las dos están vacías, estás al día. Eso también es una respuesta.",Probala gratis en auditoriasenlinea.com.ar,#AuditoríasEnLínea #ISO9001 #ISO45001 #SGI #Mendoza,Instagram · Facebook · TikTok,,,
R08,28/10/2026,Miércoles,"No conformidad, observación y oportunidad",Ambos,Educativo / Norma,32,Tres cosas que todos mezclan en una auditoría.,"0-4s · Tres tarjetas cayendo en pantalla, en rojo, ámbar y celeste.
4-12s · Tarjeta roja: NO CONFORMIDAD. Texto: incumple un requisito. Ejemplo corto en pantalla.
12-20s · Tarjeta ámbar: OBSERVACIÓN. Texto: todavía cumple, pero va camino a no cumplir.
20-28s · Tarjeta celeste: OPORTUNIDAD DE MEJORA. Texto: cumple. Se puede hacer mejor.
28-32s · Texto: solo la primera abre acción correctiva. Logo.","No conformidad ≠ observación ≠ OM · NC: incumple un requisito · Observación: cumple, pero con riesgo · OM: cumple. Se puede hacer mejor. · Solo la NC abre acción correctiva",No conformidad es incumplir un requisito: hay que corregirla y buscar la causa. Observación es algo que todavía cumple pero va camino a no cumplir. Oportunidad de mejora es algo que cumple y se puede hacer mejor. Mezclarlas infla el tablero de no conformidades con cosas que no lo son.,"Las tres salen de la misma auditoría y no significan lo mismo:

🔴 **No conformidad** — incumple un requisito. Se corrige y se busca la causa.
🟡 **Observación** — todavía cumple, pero va camino a no cumplir.
🔵 **Oportunidad de mejora** — cumple. Se puede hacer mejor.

Si las tratás a todas como no conformidades, tu tablero deja de decirte dónde está el problema real.",Probala gratis en auditoriasenlinea.com.ar,#AuditoríasEnLínea #ISO9001 #ISO45001 #SGI #Mendoza,Instagram · Facebook · TikTok,,,
R09,30/10/2026,Viernes,La carpeta que nadie encuentra,Empresas,Dolor → Solución,26,El auditor externo pide una evidencia de hace ocho meses.,"0-5s · Manos revolviendo una biblioteca de biblioratos. Texto: ¿DÓNDE ESTABA?
5-10s · Corte a una carpeta compartida con 300 archivos llamados «final_v3_ok_FINAL».
10-17s · Corte a la plataforma: buscador, un resultado, foto con fecha y ubicación.
17-22s · Zoom a la versión vigente del documento y quién la aprobó.
22-26s · Logo + CTA.","¿Dónde estaba? · final_v3_ok_FINAL.pdf · Buscás y aparece · Con fecha, lugar y quién la aprobó","La evidencia no sirve si no aparece el día que la piden. Foto, fecha, lugar, quién respondió y qué versión del documento estaba vigente. Todo junto y buscable, el día de la auditoría externa.","La pregunta más incómoda de una auditoría externa no es técnica. Es «¿me mostrás el registro de marzo?».

Si la respuesta tarda veinte minutos, el problema no es el registro: es dónde vive.

Cada evidencia queda con su fecha, su lugar, quién la cargó y qué versión del documento estaba vigente en ese momento.",Probala gratis en auditoriasenlinea.com.ar,#AuditoríasEnLínea #ISO9001 #ISO45001 #SGI #Mendoza,Instagram · Facebook · TikTok,,,
R10,02/11/2026,Lunes,"Un auditor, quince clientes",Consultores,Consultor / Partner,27,No hace falta ser una consultora grande para trabajar como una.,"0-5s · Un auditor solo, en su escritorio, con el celular y una notebook.
5-12s · Pantalla: lista de empresas auditadas, quince filas con su actividad.
12-18s · Asigna tres visitas de la semana a dos auditores de su equipo.
18-23s · Los tres informes saliendo, uno por cliente, con el nombre de cada empresa.
23-27s · Texto: sin servidores, sin licencias por puesto. Logo + CTA consultor.",Un auditor solo · Quince clientes en una cuenta · Asignás a tu equipo · Un informe por cliente · Sin servidores ni licencias por puesto,"Tu cartera entera vive en tu cuenta. Cargás los clientes, asignás las visitas a tu equipo y cada informe sale con el nombre de la empresa auditada. Sin instalar nada, sin una instalación por cliente y sin licencias por puesto.","Un estudio de tres personas puede llevar quince clientes acá, cualquiera sea su actividad.

Cartera de empresas auditadas, checklists propios importados de Excel, app de campo para tu equipo e informe firmado el mismo día.

Nada que instalar, nada que mantener.","Si auditás para otros, esto es para vos → auditoriasenlinea.com.ar",#AuditoríasEnLínea #AuditorLíder #Consultoría #ISO9001 #Mendoza,Instagram · Facebook · TikTok,,,
R11,04/11/2026,Miércoles,La foto que prueba algo,Ambos,Dato / Beneficio,21,Una foto en el celular del auditor no prueba nada.,"0-5s · Galería del celular con 200 fotos sueltas, sin contexto. Texto: ¿DE CUÁL AUDITORÍA ERA?
5-12s · Corte: la foto tomada desde el punto de control. Queda pegada a la pregunta.
12-17s · Zoom: fecha, hora y ubicación junto a la imagen.
17-21s · La misma foto dentro del informe PDF. Logo + CTA.","¿De cuál auditoría era? · La foto va pegada al punto de control · Con fecha, hora y ubicación · Y entra sola al informe","La diferencia entre una foto y una evidencia es el contexto. Acá la foto se toma desde el punto de control, queda pegada a la pregunta que responde, con fecha y ubicación, y entra sola al informe.","Doscientas fotos sueltas en la galería del celular no son evidencia. Son doscientas fotos.

Cada imagen se toma desde el punto de control que responde y queda con su fecha, su hora y su ubicación. El día que alguien pregunte, no hay que reconstruir nada.",Probala gratis en auditoriasenlinea.com.ar,#AuditoríasEnLínea #ISO9001 #ISO45001 #SGI #Mendoza,Instagram · Facebook · TikTok,,,
R12,06/11/2026,Viernes,Invitá a tu consultor adentro,Empresas,Consultor / Partner,25,Tu consultor te manda el informe por mail. ¿Y en un año?,"0-5s · Bandeja de entrada con un adjunto «informe_auditoria_final.pdf» perdido entre correos.
5-11s · Pantalla: invitar usuario, elegir perfil acotado, enviar.
11-17s · El consultor entrando y trabajando dentro del sistema del cliente.
17-21s · El informe quedando en el módulo, al lado de la evidencia.
21-25s · Texto: termina el contrato, desactivás el usuario, el trabajo se queda. Logo.","¿Dónde está el informe del año pasado? · Invitalo con un perfil acotado · Audita adentro de tu sistema · El informe queda con tu evidencia · Se va el consultor, queda el trabajo","Si contratás un consultor, invitalo a tu cuenta con un perfil acotado a lo que tiene que ver. Audita adentro de tu sistema y el informe queda donde vive tu evidencia. Cuando el contrato termina, desactivás el usuario y el trabajo hecho se queda con vos.","El informe del consultor casi siempre termina igual: un PDF adjunto en un correo que nadie encuentra el año que viene.

Invitalo a tu cuenta con un perfil acotado. Audita adentro de tu sistema, el informe queda junto a la evidencia, y cuando el contrato termina desactivás el usuario y el trabajo hecho se queda.",Probala gratis en auditoriasenlinea.com.ar,#AuditoríasEnLínea #ISO9001 #ISO45001 #SGI #Mendoza,Instagram · Facebook · TikTok,,,
